Sample,Sample in HTML doc,Left gene,Left chromosome,Left coordinates,Right gene,Right chromosome,Right coordinates,Spanning reads,Spanning mate pairs
MA1,PL16,ITGA6,chr2,172495374,AC093818.1,chr2,172512517,6,47
SA1,PL18,ITGA6,chr2,172495374,AC093818.1,chr2,172512517,3,25
MA2,PL22,ITGA6,chr2,172495374,AC093818.1,chr2,172512517,3,15
MA3,PL23,LOC408186,chr12,9564159,KLRB1,chr12,9606455,5,3
MA1,PL16,KLRB1,chr12,9606352,LOC374443,chr12,9617350,5,33
SA2,PL17,KLRB1,chr12,9606352,LOC374443,chr12,9617350,23,33
SA1,PL18,KLRB1,chr12,9606352,LOC374443,chr12,9617350,31,80
SA3,PL21,KLRB1,chr12,9606352,LOC374443,chr12,9617350,6,21
MA2,PL22,KLRB1,chr12,9606352,LOC374443,chr12,9617350,10,64
MA3,PL23,KLRB1,chr12,9606352,LOC374443,chr12,9617350,19,87
NA2,PL27,KLRB1,chr12,9606352,LOC374443,chr12,9617350,15,74
SA1,PL18,AK6,chr5,69355645,TAF9,chr5,69366591,49,19
MA1,PL16,AK6,chr5,69355648,TAF9,chr5,69366594,9,7
SA2,PL17,AK6,chr5,69355648,TAF9,chr5,69366594,35,96
SA3,PL21,AK6,chr5,69355648,TAF9,chr5,69366594,11,2
MA2,PL22,AK6,chr5,69355648,TAF9,chr5,69366594,3,9
MA3,PL23,AK6,chr5,69355648,TAF9,chr5,69366594,7,12
NA2,PL27,AK6,chr5,69355648,TAF9,chr5,69366594,3,7
SA1,PL18,TTC33,chr5,40728344,PRKAA1,chr5,40771862,4,7
SA3,PL21,TTC33,chr5,40728344,PRKAA1,chr5,40771862,3,7
MA3,PL23,TTC33,chr5,40728344,PRKAA1,chr5,40771862,3,4
SA2,PL17,TTC33,chr5,40746797,PRKAA1,chr5,40771862,5,4
SA1,PL18,TTC33,chr5,40746797,PRKAA1,chr5,40771862,19,12
SA1,PL18,TTC33,chr5,40746797,PRKAA1,chr5,40775502,8,12
SA3,PL21,TTC33,chr5,40746797,PRKAA1,chr5,40771862,6,9
MA2,PL22,TTC33,chr5,40746797,PRKAA1,chr5,40771862,4,7
MA2,PL22,TTC33,chr5,40746797,PRKAA1,chr5,40777585,3,7
MA3,PL23,TTC33,chr5,40746797,PRKAA1,chr5,40771862,7,8
MA3,PL23,TTC33,chr5,40746797,PRKAA1,chr5,40777585,5,8
NA2,PL27,TTC33,chr5,40746797,PRKAA1,chr5,40771862,13,25
NA2,PL27,TTC33,chr5,40746797,PRKAA1,chr5,40775502,6,25
SA2,PL17,LYPLAL1,chr1,219179245,LYPLAL1-DT,chr1,219086659,5,4
SA1,PL18,LYPLAL1,chr1,219179245,LYPLAL1-DT,chr1,219086659,3,3
MA1,PL16,ARMC8,chr3,138237308,NME9,chr3,138273115,10,23
MA1,PL16,ARMC8,chr3,138237308,NME9,chr3,138274543,5,6
SA2,PL17,ARMC8,chr3,138237308,NME9,chr3,138273115,12,140
SA1,PL18,ARMC8,chr3,138237308,NME9,chr3,138273115,16,44
SA1,PL18,ARMC8,chr3,138237308,NME9,chr3,138274543,3,39
SA3,PL21,ARMC8,chr3,138237308,NME9,chr3,138273115,5,8
MA2,PL22,ARMC8,chr3,138237308,NME9,chr3,138273115,7,21
MA3,PL23,ARMC8,chr3,138237308,NME9,chr3,138273115,13,19
NA2,PL27,ARMC8,chr3,138237308,NME9,chr3,138273115,16,33
NA2,PL27,ARMC8,chr3,138237308,NME9,chr3,138274543,3,20
SA2,PL17,ARMC8,chr3,138237481,NME9,chr3,138273115,5,140
SA1,PL18,ARMC8,chr3,138239467,NME9,chr3,138274543,11,39
SA1,PL18,ARMC8,chr3,138239467,NME9,chr3,138290638,4,2
SA2,PL17,ARMC8,chr3,138258954,NME9,chr3,138284525,4,16
SA1,PL18,ITGB3BP,chr1,63478763,EFCAB7,chr1,63529185,39,9
MA2,PL22,ITGB3BP,chr1,63478763,EFCAB7,chr1,63529185,5,3
SA1,PL18,ITGB3BP,chr1,63490082,EFCAB7,chr1,63529185,10,9
MA3,PL23,ITGB3BP,chr1,63490082,EFCAB7,chr1,63529185,5,2
SA1,PL18,ITGB3BP,chr1,63508527,EFCAB7,chr1,63529185,15,11
MA3,PL23,ITGB3BP,chr1,63508527,EFCAB7,chr1,63529185,5,2
NA2,PL27,ITGB3BP,chr1,63508527,EFCAB7,chr1,63529185,3,2
SA1,PL18,JKAMP,chr14,59505188,CCDC175,chr14,59538839,9,30
SA1,PL18,JKAMP,chr14,59505188,CCDC175,chr14,59540745,9,30
SA1,PL18,JKAMP,chr14,59505188,CCDC175,chr14,59543453,5,33
MA3,PL23,JKAMP,chr14,59505188,CCDC175,chr14,59538839,8,18
MA3,PL23,JKAMP,chr14,59505188,CCDC175,chr14,59540745,4,18
NA2,PL27,JKAMP,chr14,59505188,CCDC175,chr14,59540745,3,48
NA2,PL27,JKAMP,chr14,59505188,CCDC175,chr14,59565274,8,31
SA2,PL17,ACSM6,chr10,95225547,PDLIM1,chr10,95247365,12,6
SA1,PL18,ACSM6,chr10,95225547,PDLIM1,chr10,95247365,28,52
SA3,PL21,ACSM6,chr10,95225547,PDLIM1,chr10,95247365,6,5
MA2,PL22,ACSM6,chr10,95225547,PDLIM1,chr10,95247365,7,7
NA2,PL27,ACSM6,chr10,95225547,PDLIM1,chr10,95247365,4,2
SA1,PL18,GATAD1,chr7,92457551,PEX1,chr7,92491330,11,73
MA1,PL16,COMMD10,chr5,116291516,CTC-339F2.2,chr5,116303682,11,8
SA2,PL17,COMMD10,chr5,116291516,CTC-339F2.2,chr5,116303682,38,19
SA1,PL18,COMMD10,chr5,116291516,CTC-339F2.2,chr5,116303682,26,12
SA3,PL21,COMMD10,chr5,116291516,CTC-339F2.2,chr5,116303682,5,9
MA2,PL22,COMMD10,chr5,116291516,CTC-339F2.2,chr5,116303682,6,10
MA3,PL23,COMMD10,chr5,116291516,CTC-339F2.2,chr5,116303682,6,13
MA2,PL22,LYPLAL1-DT,chr1,219086494,LYPLAL1,chr1,219210531,5,4
MA1,PL16,CAVIN4,chr9,100578547,MSANTD3-TMEFF1,chr9,100576512,7,21
MA3,PL23,CAVIN4,chr9,100578547,MSANTD3-TMEFF1,chr9,100576512,3,5
SA2,PL17,CAVIN4,chr9,100578550,MSANTD3-TMEFF1,chr9,100576515,8,127
SA1,PL18,TUBAL3,chr10,5395326,NET1,chr10,5431547,34,11
SA3,PL21,TUBAL3,chr10,5395326,NET1,chr10,5431547,16,5
MA3,PL23,TUBAL3,chr10,5395326,NET1,chr10,5431547,6,5
NA2,PL27,TUBAL3,chr10,5395326,NET1,chr10,5431547,18,7
SA1,PL18,TUBAL3,chr10,5400843,NET1,chr10,5431547,6,11
SA1,PL18,SNX29P1,chr16,21352137,CRYM-AS1,chr16,21315883,24,12
SA3,PL21,SNX29P1,chr16,21352137,CRYM-AS1,chr16,21315883,5,10
MA2,PL22,SNX29P1,chr16,21352137,CRYM-AS1,chr16,21315883,16,10
MA3,PL23,SNX29P1,chr16,21352137,CRYM-AS1,chr16,21315883,9,8
NA2,PL27,SNX29P1,chr16,21352137,CRYM-AS1,chr16,21315883,25,17
SA1,PL18,LINC02246,chr21,14853273,NRIP1,chr21,15043573,12,21
SA3,PL21,LINC02246,chr21,14853273,NRIP1,chr21,15043573,4,3
MA2,PL22,LINC02246,chr21,14853273,NRIP1,chr21,15043573,5,8
MA3,PL23,LINC02246,chr21,14853273,NRIP1,chr21,15043573,10,4
NA2,PL27,LINC02246,chr21,14853273,NRIP1,chr21,15043573,6,5
SA1,PL18,LINC02246,chr21,14857541,NRIP1,chr21,15043573,3,21
MA2,PL22,LINC02246,chr21,14857541,NRIP1,chr21,15043573,4,8
SA1,PL18,AKR1E2,chr10,4830674,AKR1C6P,chr10,4908419,4,7
SA1,PL18,AKR1E2,chr10,4830674,AKR1C6P,chr10,4909605,13,7
SA3,PL21,AKR1E2,chr10,4830674,AKR1C6P,chr10,4908419,3,5
SA3,PL21,AKR1E2,chr10,4830674,AKR1C6P,chr10,4909605,5,5
MA3,PL23,AKR1E2,chr10,4830674,AKR1C6P,chr10,4908419,4,2
MA3,PL23,AKR1E2,chr10,4830674,AKR1C6P,chr10,4909605,9,2
SA1,PL18,AKR1C6P,chr10,4908350,AKR1C2,chr10,4933329,6,7
MA3,PL23,AKR1C6P,chr10,4908350,AKR1C2,chr10,4933329,4,3
SA2,PL17,SNHG23,chr14,100949595,MEG8,chr14,100935771,32,237
SA1,PL18,SNHG23,chr14,100949595,MEG8,chr14,100935771,14,71
SA3,PL21,SNHG23,chr14,100949595,MEG8,chr14,100935771,5,57
MA2,PL22,SNHG23,chr14,100949595,MEG8,chr14,100935771,8,91
MA3,PL23,SNHG23,chr14,100949595,MEG8,chr14,100935771,5,45
NA2,PL27,SNHG23,chr14,100949595,MEG8,chr14,100935771,9,97
SA2,PL17,PKD2L2,chr5,137941943,FAM13B,chr5,137943215,15,454
SA2,PL17,PKD2L2,chr5,137941943,FAM13B,chr5,137949183,16,371
SA1,PL18,PKD2L2,chr5,137941943,FAM13B,chr5,137943215,7,68
NA2,PL27,PKD2L2,chr5,137941943,FAM13B,chr5,137943215,3,55
SA1,PL18,B2M,chr15,44715422,TGFB1,chr19,41351201,9,3
MA2,PL22,B2M,chr15,44715422,TGFB1,chr19,41351201,7,11
NA2,PL27,B2M,chr15,44715422,TGFB1,chr19,41351201,14,21
MA2,PL22,KIF2A,chr5,62306535,B2M,chr15,44715422,3,3
SA1,PL18,GRK5,chr10,119207968,RGS10,chr10,119527423,5,4
MA2,PL22,GRK5,chr10,119207968,RGS10,chr10,119527423,3,3
SA1,PL18,KANSL1,chr17,46094557,ARL17A,chr17,46352927,44,30
SA1,PL18,KANSL1,chr17,46094557,ARL17A,chr17,46570866,44,30
NA2,PL27,KANSL1,chr17,46094557,ARL17A,chr17,46352927,6,6
NA2,PL27,KANSL1,chr17,46094557,ARL17A,chr17,46570866,6,6
SA3,PL21,KANSL1,chr17,46094559,ARL17A,chr17,46352929,3,9
SA3,PL21,KANSL1,chr17,46094559,ARL17A,chr17,46570868,3,8
MA3,PL23,KANSL1,chr17,46094559,ARL17A,chr17,46352929,10,7
MA3,PL23,KANSL1,chr17,46094559,ARL17A,chr17,46570868,10,7
SA2,PL17,CXXC4-AS1,chr4,104653826,RP11-556I14.2,chr4,104699649,15,3
SA1,PL18,CXXC4-AS1,chr4,104653826,RP11-556I14.2,chr4,104699649,13,5
SA1,PL18,CXXC4-AS1,chr4,104653826,RP11-556I14.2,chr4,104701062,12,5
SA1,PL18,CXXC4-AS1,chr4,104653826,RP11-556I14.2,chr4,104701076,3,5
SA1,PL18,CXXC4-AS1,chr4,104653826,RP11-556I14.2,chr4,104746679,7,9
SA1,PL18,CXXC4-AS1,chr4,104653826,RP11-556I14.2,chr4,104895804,4,5
MA2,PL22,CXXC4-AS1,chr4,104653826,RP11-556I14.2,chr4,104699649,7,13
MA2,PL22,CXXC4-AS1,chr4,104653826,RP11-556I14.2,chr4,104701062,11,13
SA2,PL17,LAMA2,chr6,129502604,RP1-69D17.4,chr6,129540541,3,3
SA3,PL21,ZNF664-RFLNA,chr12,123973885,TGFB1,chr19,41351201,4,3
NA2,PL27,ZNF664-RFLNA,chr12,123973885,TGFB1,chr19,41351201,7,5
SA1,PL18,FKBP1B,chr2,24060813,SF3B6,chr2,24068770,5,42
SA1,PL18,FKBP1B,chr2,24060813,SF3B6,chr2,24068790,4,42
SA3,PL21,COX20,chr1,244843134,RP11-11N7.5,chr1,244848855,6,10
SA2,PL17,ANKAR,chr2,189728659,OSGEPL1,chr2,189755319,17,12
SA1,PL18,ANKAR,chr2,189728659,OSGEPL1,chr2,189755319,9,31
MA2,PL22,ANKAR,chr2,189728659,OSGEPL1,chr2,189755319,3,14
MA3,PL23,ANKAR,chr2,189728659,OSGEPL1,chr2,189755319,6,15
NA2,PL27,ANKAR,chr2,189728659,OSGEPL1,chr2,189755319,12,18
SA2,PL17,MAP3K13,chr3,185483303,TMEM41A,chr3,185490082,11,51
NA2,PL27,MAP3K13,chr3,185483304,TMEM41A,chr3,185490083,4,20
MA2,PL22,CRTC3,chr15,90619737,CRTC3-AS1,chr15,90629528,6,4
SA2,PL17,FBXO30-DT,chr6,145864386,SHPRH,chr6,145894975,23,4
SA1,PL18,FBXO30-DT,chr6,145864386,SHPRH,chr6,145894975,29,13
MA2,PL22,FBXO30-DT,chr6,145864386,SHPRH,chr6,145894975,7,2
MA3,PL23,FBXO30-DT,chr6,145864386,SHPRH,chr6,145894975,6,3
NA2,PL27,FBXO30-DT,chr6,145864386,SHPRH,chr6,145894975,21,2
SA1,PL18,FBXO30-DT,chr6,145864387,SHPRH,chr6,145894971,3,13
SA1,PL18,FBXO30-DT,chr6,145883908,SHPRH,chr6,145894976,7,132
SA2,PL17,RP11-182J1.12,chr15,84526780,UBE2Q2P1,chr15,84555069,6,3
SA1,PL18,RP11-467L19.14,chr15,20661959,NBEAP1,chr15,20671267,7,6
SA1,PL18,SUZ12P1,chr17,30734896,CRLF3,chr17,30784891,11,9
SA1,PL18,CCDC66,chr3,56620354,TASOR,chr3,56628613,4,183
MA3,PL23,CCDC66,chr3,56620354,TASOR,chr3,56628613,4,72
NA2,PL27,DOK6,chr18,69842283,CD226,chr18,69878814,3,47
SA1,PL18,AC024704.2,chr2,113830851,ACTR3-AS1,chr2,113831584,3,9
MA3,PL23,FNTB,chr14,65004248,MAX,chr14,65015715,5,2
MA3,PL23,KLHDC2,chr14,49771592,NEMF,chr14,49782592,4,12
SA1,PL18,KLHDC2,chr14,49771593,NEMF,chr14,49782593,6,21
SA2,PL17,KLHDC2,chr14,49779594,NEMF,chr14,49782456,6,125
NA2,PL27,TGFB1,chr19,41351201,ARL6IP6,chr2,152720532,5,6
SA1,PL18,RP11-22P4.1,chr11,28362035,METTL15,chr11,28296796,6,7
NA2,PL27,RP11-22P4.1,chr11,28362035,METTL15,chr11,28296796,3,3
SA1,PL18,AP000442.1,chr11,59620412,PATL1,chr11,59639518,8,4
SA3,PL21,CTD-2192J16.17,chr19,12517744,ZNF564,chr19,12528695,5,41
SA2,PL17,CTD-2192J16.17,chr19,12524795,ZNF564,chr19,12528695,8,150
SA1,PL18,CTD-2192J16.17,chr19,12524795,ZNF564,chr19,12528695,3,73
NA2,PL27,CTD-2192J16.17,chr19,12524795,ZNF564,chr19,12528695,4,66
SA2,PL17,EIF3J,chr15,44554552,SPG11,chr15,44563224,7,150
SA2,PL17,THCAT158,chr17,47323377,EFCAB13,chr17,47345097,34,100
SA1,PL18,THCAT158,chr17,47323377,EFCAB13,chr17,47345097,18,258
NA2,PL27,THCAT158,chr17,47323377,EFCAB13,chr17,47345097,7,147
SA2,PL17,PLAAT1,chr3,193262969,ATP13A5,chr3,193281241,5,21
SA1,PL18,PLAAT1,chr3,193262969,ATP13A5,chr3,193281241,8,9
NA2,PL27,CATSPER3,chr5,134970089,PCBD2,chr5,134910332,7,2
MA3,PL23,HELQ,chr4,83448782,ABRAXAS1,chr4,83469150,3,6
SA1,PL18,PWARSN,chr15,24982436,SNURF,chr15,24979535,6,30
MA2,PL22,PWARSN,chr15,24982436,SNURF,chr15,24979535,4,16
SA1,PL18,RP11-867O8.5,chr11,65367771,SLC25A45,chr11,65375336,10,10
NA2,PL27,RP11-867O8.5,chr11,65367771,SLC25A45,chr11,65375336,11,5
SA1,PL18,RP11-867O8.5,chr11,65367774,SLC25A45,chr11,65375336,32,10
SA3,PL21,RP11-867O8.5,chr11,65367774,SLC25A45,chr11,65375336,9,5
MA2,PL22,RP11-867O8.5,chr11,65367774,SLC25A45,chr11,65375336,12,13
MA3,PL23,RP11-867O8.5,chr11,65367774,SLC25A45,chr11,65375336,9,13
SA2,PL17,TULP4,chr6,158314267,RP11-732M18.4,chr6,158312050,19,34
SA1,PL18,LOC101927178,chr14,35085392,PPP2R3C,chr14,35099383,7,28
SA1,PL18,CEP68,chr2,65082224,RAB1A,chr2,65089069,3,138
SA2,PL17,LOC101927668,chr7,20129130,MACC1,chr7,20141157,8,4
NA2,PL27,TBC1D3B,chr17,36182523,CCL3L1,chr17,36195911,3,6
NA2,PL27,YIF1B,chr19,38309642,TGFB1,chr19,41351201,4,4
SA1,PL18,DDB2,chr11,47238798,ACP2,chr11,47239917,3,11
MA3,PL23,DDB2,chr11,47238798,ACP2,chr11,47239917,3,3
NA1,PL19,GS1-114I9.3,chr7,30367940,ZNRF2,chr7,30367642,3,112
MA1,PL16,ACOT13,chr6,24704924,C6orf62,chr6,24705515,4,190
MA3,PL23,CARNMT1-AS1,chr9,74980375,CARNMT1,chr9,74999869,3,2
SA1,PL18,PAXBP1-AS1,chr21,32737251,PAXBP1,chr21,32759266,3,8
SA1,PL18,AP4B1-AS1,chr1,113901234,AP4B1,chr1,113901883,3,13
SA2,PL17,ADCY7,chr16,50318027,BRD7,chr16,50318582,4,46
SA2,PL17,USP8,chr15,50499601,USP50,chr15,50500887,3,32
