miRNA,M-1,M-2,M-3,M-4,M-5,M-6,M-7,M-8,M-9,M-10,M-11,S-1,S-2,S-3,S-4,S-5,S-6,S-7,S-8,S-9,S-10
hsa-miR-548j-5p,0.01,0.01,0.01,0.01,0.02,0.01,0.01,0.00,0.01,0.02,0.02,0.50,1.24,0.00,2.71,1.96,0.83,1.09,0.00,4.69,5.20
hsa-miR-521,0.00,0.00,0.00,0.00,0.00,0.72,0.00,0.00,0.03,0.00,0.00,0.00,0.00,0.00,0.00,0.00,0.00,0.00,0.00,0.00,0.00
hsa-miR-554,0.00,0.00,0.00,9.29,0.00,1.84,0.00,0.00,14.17,0.16,0.00,0.21,0.08,0.00,0.07,0.07,0.05,0.06,0.12,0.09,0.09
hsa-miR-876-3p,0.04,0.05,0.07,0.03,0.08,0.06,0.06,0.02,0.07,0.11,0.09,0.00,0.00,0.00,5.48,3.27,0.00,0.00,2.15,0.00,0.00
hsa-miR-641,0.03,0.03,0.04,0.02,0.05,0.04,0.04,0.01,0.04,0.07,0.06,0.00,2.14,0.00,2.12,0.00,0.00,0.49,0.00,0.00,0.00
hsa-miR-509-3p,0.12,0.01,0.17,0.12,0.13,0.13,0.04,0.02,0.05,0.08,0.06,2.62,0.16,0.05,7.98,0.07,5.99,3.72,3.22,0.33,0.12
hsa-miR-631,0.53,0.00,7.16,8.27,0.00,20.46,0.00,0.00,0.00,0.34,18.12,0.44,0.70,0.23,0.28,0.32,0.27,0.31,0.20,0.70,0.53
hsa-miR-32-3p,0.00,0.00,0.00,0.01,0.00,0.00,0.16,0.00,0.11,0.35,0.00,0.00,0.00,0.00,1.70,0.72,0.61,0.53,0.00,0.00,0.77
hsa-miR-877-5p,0.79,0.66,0.00,0.45,0.71,0.44,0.19,1.32,0.09,0.03,0.00,1.15,0.01,0.92,2.46,1.93,0.87,0.79,1.43,2.49,8.25
hsa-miR-1260a,1.19,1.70,1.31,2.54,5.11,1.72,2.37,0.58,2.86,2.05,2.67,0.19,0.28,0.00,1.14,0.60,0.62,0.46,1.01,0.21,0.43
hsa-miR-323a-3p,7.33,0.01,0.00,12.51,8.78,0.15,9.48,0.03,12.65,0.09,8.21,0.00,0.00,12.32,9.82,20.93,27.32,11.38,0.00,31.43,19.72
hsa-miR-665,0.45,0.44,0.37,0.74,0.51,0.24,0.36,0.36,0.50,0.30,0.86,1.65,1.40,0.69,3.54,0.56,1.79,0.53,1.02,0.59,3.03
hsa-miR-590-3p,0.00,1.35,0.31,0.00,1.09,1.04,2.08,0.01,2.71,0.43,0.00,0.05,2.05,0.00,5.74,1.84,5.48,2.91,1.71,3.44,2.04
hsa-miR-31-5p,0.08,0.00,0.43,0.33,0.61,0.14,0.64,1.28,1.23,1.09,0.98,0.23,0.41,0.18,0.08,0.13,0.25,0.38,0.19,0.12,0.23
hsa-miR-671-5p,0.67,0.00,1.36,0.76,0.34,0.46,0.34,0.59,0.49,0.01,0.33,0.12,0.40,0.17,0.31,0.18,0.21,0.10,0.01,0.00,0.16
hsa-miR-33b-5p,1.10,0.00,1.65,2.22,1.89,1.50,0.00,1.76,5.70,1.72,2.13,0.00,0.02,0.87,0.93,1.04,1.66,1.01,0.42,0.16,0.00
hsa-let-7c-5p,0.42,0.48,0.30,0.73,0.86,0.62,0.78,0.62,0.56,0.48,0.50,0.29,1.11,1.43,2.38,1.38,2.59,1.83,0.47,1.88,1.53
hsa-let-7f-1-3p,0.55,1.33,1.55,0.90,1.58,1.75,0.81,1.91,0.26,0.01,0.70,0.00,0.60,0.00,4.52,2.72,4.94,2.13,1.28,2.18,0.00
hsa-miR-10b-5p,0.58,0.00,0.45,0.84,0.72,0.99,0.73,1.38,0.48,0.61,0.53,0.79,1.02,1.25,2.36,2.46,1.63,1.79,1.41,2.10,3.68
hsa-miR-139-3p,0.22,0.77,0.16,0.16,0.16,1.19,1.08,0.00,0.00,0.01,0.00,2.37,0.83,0.00,1.32,0.37,0.30,0.98,0.57,0.00,1.50
hsa-miR-628-3p,0.71,0.00,0.00,0.13,0.85,0.31,0.48,0.97,1.06,0.14,0.72,0.00,1.38,1.18,1.63,1.01,3.17,1.97,0.30,1.18,1.17
hsa-miR-652-3p,0.47,1.41,0.51,1.16,0.71,0.64,0.89,1.49,0.77,0.99,0.82,0.31,1.30,2.05,3.94,2.37,1.98,3.60,0.76,2.50,2.54
hsa-miR-627-5p,0.44,0.00,0.32,0.25,0.15,1.08,1.54,0.66,0.71,1.06,0.67,0.00,0.63,2.01,2.35,1.10,1.39,0.97,1.67,1.76,2.77
hsa-miR-136-3p,0.44,0.49,0.41,0.95,0.98,0.90,0.65,0.56,0.00,0.63,0.00,0.00,1.72,0.00,0.64,1.21,0.89,2.52,0.76,2.40,2.26
hsa-miR-30d-5p,1.34,0.00,1.08,2.89,2.02,2.17,1.52,1.62,1.14,0.79,1.09,0.57,2.50,3.33,3.91,4.17,3.29,4.58,1.60,1.86,5.33
hsa-miR-185-5p,2.88,2.53,1.50,2.64,1.72,3.86,3.14,3.40,5.49,2.46,1.76,1.01,0.55,1.13,2.38,1.66,1.38,0.98,1.45,1.32,1.51
hsa-miR-326,1.41,0.00,1.33,3.84,1.95,2.59,3.87,3.14,5.09,2.90,4.17,0.18,1.47,1.83,0.99,0.77,1.12,2.86,3.68,0.69,1.39
hsa-miR-99b-5p,0.03,0.35,0.00,0.86,0.75,1.01,1.01,1.42,0.80,0.69,1.11,0.00,1.17,1.12,0.82,1.37,1.00,2.09,1.36,1.12,2.90
hsa-miR-451a,9.05,0.00,3.15,12.88,6.80,6.58,4.52,6.25,5.13,2.71,3.92,1.77,1.47,3.79,8.26,4.25,2.19,2.68,1.83,1.63,3.33
hsa-miR-145-5p,2.16,0.00,1.64,2.98,1.71,3.63,1.59,2.11,1.40,1.43,1.57,0.64,0.63,1.43,0.96,0.76,1.31,1.10,1.48,0.85,1.46
hsa-miR-126-5p,0.78,0.00,0.48,0.95,1.09,0.93,1.34,0.96,1.06,1.40,1.69,0.96,1.69,1.11,2.61,1.97,1.50,3.39,1.07,2.99,2.63
hsa-miR-126-3p,1.11,0.00,0.96,2.37,2.01,1.62,3.00,2.88,2.51,2.47,2.43,1.44,2.35,2.80,3.76,3.35,2.18,4.72,3.27,5.47,4.26
hsa-miR-199b-5p,0.44,0.00,0.52,1.99,1.45,0.78,2.89,1.70,1.66,1.85,1.89,0.00,1.84,3.68,2.44,1.18,3.39,2.10,2.00,2.53,2.18
hsa-miR-125a-5p,0.25,0.18,0.27,0.75,0.69,0.58,0.67,0.83,0.68,0.52,0.40,0.44,0.63,0.96,1.06,1.13,0.86,1.27,0.61,0.99,0.89
hsa-miR-18a-5p,0.94,0.00,0.82,1.88,0.91,1.72,1.60,1.72,1.30,1.15,1.21,0.36,0.35,0.82,1.44,0.99,0.87,0.92,0.53,0.91,0.81
hsa-miR-146b-5p,0.67,0.71,0.71,1.47,0.86,0.61,0.49,0.81,1.00,0.32,0.55,0.18,0.29,0.63,0.94,0.29,0.37,0.65,0.31,0.33,0.69
hsa-miR-505-3p,10.93,0.00,9.27,14.64,19.89,19.45,16.25,17.03,20.45,18.13,15.44,10.97,6.69,9.89,8.40,13.44,14.13,8.94,16.67,7.55,15.42
hsa-miR-23b-3p,3.27,2.50,1.78,3.61,2.57,3.35,2.63,4.76,2.23,2.14,2.37,0.71,1.57,2.56,1.66,1.72,2.47,2.44,2.42,2.38,2.13
hsa-miR-103a-3p,1.32,0.00,1.28,3.16,1.57,1.34,1.81,1.97,2.08,1.14,1.14,0.66,0.80,1.08,2.51,1.20,1.07,1.11,0.82,1.29,1.43
hsa-miR-17-5p,5.70,0.00,5.44,9.08,4.99,7.30,11.92,10.32,10.11,6.42,6.13,4.08,3.30,6.99,13.09,6.39,4.62,5.18,4.94,4.17,5.20
